date,fund_house,aum_lakh_crore,aum_crore,num_schemes,month,metric_type,sip_inflow_crore,active_sip_accounts_crore,new_sip_accounts_lakh,sip_aum_lakh_crore,yoy_growth_pct,total_folios_crore,equity_folios_crore,debt_folios_crore,hybrid_folios_crore,others_folios_crore,category,net_inflow_crore
,,,,,2022-01,folio,,,,,,13.26,9.28,1.86,0.8,1.33,,
,,,,,2022-01,sip,11517.0,4.91,9.1,4.8,,,,,,,,
,,,,,2022-02,sip,11438.0,4.93,8.2,4.85,,,,,,,,
2022-03-31,SBI Mutual Fund,6.05,605000.0,186.0,2022-03,aum,,,,,,,,,,,,
2022-03-31,ICICI Prudential MF,4.65,465000.0,216.0,2022-03,aum,,,,,,,,,,,,
2022-03-31,HDFC Mutual Fund,4.35,435000.0,195.0,2022-03,aum,,,,,,,,,,,,
2022-03-31,Nippon India MF,2.7,270000.0,177.0,2022-03,aum,,,,,,,,,,,,
2022-03-31,Kotak Mahindra MF,2.7,270000.0,168.0,2022-03,aum,,,,,,,,,,,,
2022-03-31,Aditya Birla Sun Life MF,2.78,278000.0,199.0,2022-03,aum,,,,,,,,,,,,
2022-03-31,Axis Mutual Fund,2.5,250000.0,95.0,2022-03,aum,,,,,,,,,,,,
2022-03-31,UTI Mutual Fund,2.3,230000.0,142.0,2022-03,aum,,,,,,,,,,,,
2022-03-31,Mirae Asset MF,1.05,105000.0,56.0,2022-03,aum,,,,,,,,,,,,
2022-03-31,DSP Mutual Fund,1.1,110000.0,88.0,2022-03,aum,,,,,,,,,,,,
,,,,,2022-03,sip,12328.0,5.09,10.5,5.01,,,,,,,,
,,,,,2022-04,folio,,,,,,13.91,9.74,1.95,0.83,1.39,,
,,,,,2022-04,sip,11863.0,5.48,9.52,5.12,,,,,,,,
,,,,,2022-05,sip,12286.0,5.55,8.1,5.15,,,,,,,,
,,,,,2022-06,sip,12276.0,5.6,7.5,5.18,,,,,,,,
,,,,,2022-07,folio,,,,,,13.85,9.69,1.94,0.83,1.38,,
,,,,,2022-07,sip,12140.0,5.65,9.21,5.25,,,,,,,,
,,,,,2022-08,sip,12694.0,5.71,8.9,5.31,,,,,,,,
2022-09-30,SBI Mutual Fund,6.3,630000.0,186.0,2022-09,aum,,,,,,,,,,,,
2022-09-30,ICICI Prudential MF,4.88,488000.0,216.0,2022-09,aum,,,,,,,,,,,,
2022-09-30,HDFC Mutual Fund,4.45,445000.0,195.0,2022-09,aum,,,,,,,,,,,,
2022-09-30,Nippon India MF,2.78,278000.0,177.0,2022-09,aum,,,,,,,,,,,,
2022-09-30,Kotak Mahindra MF,2.72,272000.0,168.0,2022-09,aum,,,,,,,,,,,,
2022-09-30,Aditya Birla Sun Life MF,2.85,285000.0,199.0,2022-09,aum,,,,,,,,,,,,
2022-09-30,Axis Mutual Fund,2.4,240000.0,95.0,2022-09,aum,,,,,,,,,,,,
2022-09-30,UTI Mutual Fund,2.32,232000.0,142.0,2022-09,aum,,,,,,,,,,,,
2022-09-30,Mirae Asset MF,1.08,108000.0,56.0,2022-09,aum,,,,,,,,,,,,
2022-09-30,DSP Mutual Fund,1.12,112000.0,88.0,2022-09,aum,,,,,,,,,,,,
,,,,,2022-09,sip,12976.0,5.8,9.4,5.41,,,,,,,,
,,,,,2022-10,folio,,,,,,14.12,9.88,1.98,0.85,1.41,,
,,,,,2022-10,sip,13040.0,5.93,9.52,5.55,,,,,,,,
,,,,,2022-11,sip,13306.0,6.0,8.8,5.62,,,,,,,,
,,,,,2022-12,sip,13573.0,6.05,7.6,5.7,,,,,,,,
,,,,,2023-01,folio,,,,,,14.81,10.37,2.07,0.89,1.48,,
,,,,,2023-01,sip,13856.0,6.13,9.1,5.82,20.31,,,,,,,
,,,,,2023-02,sip,13687.0,6.19,8.2,5.88,19.66,,,,,,,
2023-03-31,SBI Mutual Fund,7.17,717000.0,186.0,2023-03,aum,,,,,,,,,,,,
2023-03-31,ICICI Prudential MF,5.0,500000.0,216.0,2023-03,aum,,,,,,,,,,,,
2023-03-31,HDFC Mutual Fund,4.5,450000.0,195.0,2023-03,aum,,,,,,,,,,,,
2023-03-31,Nippon India MF,2.93,293000.0,177.0,2023-03,aum,,,,,,,,,,,,
2023-03-31,Kotak Mahindra MF,2.89,289000.0,168.0,2023-03,aum,,,,,,,,,,,,
2023-03-31,Aditya Birla Sun Life MF,2.75,275000.0,199.0,2023-03,aum,,,,,,,,,,,,
2023-03-31,Axis Mutual Fund,2.41,241000.0,95.0,2023-03,aum,,,,,,,,,,,,
2023-03-31,UTI Mutual Fund,2.39,239000.0,142.0,2023-03,aum,,,,,,,,,,,,
2023-03-31,Mirae Asset MF,1.16,116000.0,56.0,2023-03,aum,,,,,,,,,,,,
2023-03-31,DSP Mutual Fund,1.15,115000.0,88.0,2023-03,aum,,,,,,,,,,,,
,,,,,2023-03,sip,14276.0,6.32,10.0,6.01,15.8,,,,,,,
,,,,,2023-04,folio,,,,,,15.54,10.88,2.18,0.93,1.55,,
,,,,,2023-04,sip,14749.0,6.41,9.25,6.15,24.33,,,,,,,
,,,,,2023-05,sip,14749.0,6.5,8.7,6.22,20.05,,,,,,,
,,,,,2023-06,sip,14734.0,6.55,7.9,6.3,20.02,,,,,,,
,,,,,2023-07,folio,,,,,,16.28,11.4,2.28,0.98,1.63,,
,,,,,2023-07,sip,15245.0,6.65,9.8,6.45,25.58,,,,,,,
,,,,,2023-08,sip,15814.0,6.73,9.1,6.58,24.58,,,,,,,
2023-09-30,SBI Mutual Fund,8.45,845000.0,186.0,2023-09,aum,,,,,,,,,,,,
2023-09-30,ICICI Prudential MF,5.9,590000.0,216.0,2023-09,aum,,,,,,,,,,,,
2023-09-30,HDFC Mutual Fund,5.35,535000.0,195.0,2023-09,aum,,,,,,,,,,,,
2023-09-30,Nippon India MF,3.4,340000.0,177.0,2023-09,aum,,,,,,,,,,,,
2023-09-30,Kotak Mahindra MF,3.25,325000.0,168.0,2023-09,aum,,,,,,,,,,,,
2023-09-30,Aditya Birla Sun Life MF,3.08,308000.0,199.0,2023-09,aum,,,,,,,,,,,,
2023-09-30,Axis Mutual Fund,2.6,260000.0,95.0,2023-09,aum,,,,,,,,,,,,
2023-09-30,UTI Mutual Fund,2.65,265000.0,142.0,2023-09,aum,,,,,,,,,,,,
2023-09-30,Mirae Asset MF,1.42,142000.0,56.0,2023-09,aum,,,,,,,,,,,,
2023-09-30,DSP Mutual Fund,1.32,132000.0,88.0,2023-09,aum,,,,,,,,,,,,
,,,,,2023-09,sip,16042.0,6.82,10.2,6.72,23.63,,,,,,,
,,,,,2023-10,folio,,,,,,16.72,11.7,2.34,1.0,1.67,,
,,,,,2023-10,sip,16928.0,6.91,9.5,6.9,29.82,,,,,,,
,,,,,2023-11,sip,17073.0,7.0,8.8,7.05,28.31,,,,,,,
,,,,,2023-12,sip,17610.0,7.1,8.4,7.18,29.74,,,,,,,
,,,,,2024-01,folio,,,,,,17.78,12.45,2.49,1.07,1.78,,
,,,,,2024-01,sip,18838.0,7.2,9.6,7.35,35.96,,,,,,,
,,,,,2024-02,sip,19187.0,7.3,8.5,7.52,40.18,,,,,,,
2024-03-31,SBI Mutual Fund,10.0,1000000.0,186.0,2024-03,aum,,,,,,,,,,,,
2024-03-31,ICICI Prudential MF,6.8,680000.0,216.0,2024-03,aum,,,,,,,,,,,,
2024-03-31,HDFC Mutual Fund,6.45,645000.0,195.0,2024-03,aum,,,,,,,,,,,,
2024-03-31,Nippon India MF,4.3,430000.0,177.0,2024-03,aum,,,,,,,,,,,,
2024-03-31,Kotak Mahindra MF,3.8,380000.0,168.0,2024-03,aum,,,,,,,,,,,,
2024-03-31,Aditya Birla Sun Life MF,3.4,340000.0,199.0,2024-03,aum,,,,,,,,,,,,
2024-03-31,Axis Mutual Fund,2.8,280000.0,95.0,2024-03,aum,,,,,,,,,,,,
2024-03-31,UTI Mutual Fund,2.9,290000.0,142.0,2024-03,aum,,,,,,,,,,,,
2024-03-31,Mirae Asset MF,1.75,175000.0,56.0,2024-03,aum,,,,,,,,,,,,
2024-03-31,DSP Mutual Fund,1.55,155000.0,88.0,2024-03,aum,,,,,,,,,,,,
,,,,,2024-03,sip,20371.0,7.4,9.0,7.71,42.69,,,,,,,
,,,,,2024-04,category_inflows,,,,,,,,,,,Large Cap,2413.0
,,,,,2024-04,category_inflows,,,,,,,,,,,Mid Cap,3897.0
,,,,,2024-04,category_inflows,,,,,,,,,,,Small Cap,3533.0
,,,,,2024-04,category_inflows,,,,,,,,,,,Flexi Cap,4947.0
,,,,,2024-04,category_inflows,,,,,,,,,,,Large & Mid Cap,4214.0
,,,,,2024-04,category_inflows,,,,,,,,,,,ELSS,466.0
,,,,,2024-04,category_inflows,,,,,,,,,,,Value/Contra,1328.0
,,,,,2024-04,category_inflows,,,,,,,,,,,Sectoral/Thematic,8052.0
,,,,,2024-04,category_inflows,,,,,,,,,,,Liquid,37537.0
,,,,,2024-04,category_inflows,,,,,,,,,,,Short Duration,4400.0
,,,,,2024-04,category_inflows,,,,,,,,,,,Gilt,784.0
,,,,,2024-04,category_inflows,,,,,,,,,,,Hybrid,2955.0
,,,,,2024-04,folio,,,,,,18.85,13.2,2.64,1.13,1.89,,
,,,,,2024-04,sip,20371.0,7.6,9.4,7.9,38.12,,,,,,,
,,,,,2024-05,category_inflows,,,,,,,,,,,Large Cap,2076.0
,,,,,2024-05,category_inflows,,,,,,,,,,,Mid Cap,5300.0
,,,,,2024-05,category_inflows,,,,,,,,,,,Small Cap,4092.0
,,,,,2024-05,category_inflows,,,,,,,,,,,Flexi Cap,5529.0
,,,,,2024-05,category_inflows,,,,,,,,,,,Large & Mid Cap,4368.0
,,,,,2024-05,category_inflows,,,,,,,,,,,ELSS,553.0
,,,,,2024-05,category_inflows,,,,,,,,,,,Value/Contra,1361.0
,,,,,2024-05,category_inflows,,,,,,,,,,,Sectoral/Thematic,8354.0
,,,,,2024-05,category_inflows,,,,,,,,,,,Liquid,41872.0
,,,,,2024-05,category_inflows,,,,,,,,,,,Short Duration,4833.0
,,,,,2024-05,category_inflows,,,,,,,,,,,Gilt,836.0
,,,,,2024-05,category_inflows,,,,,,,,,,,Hybrid,3487.0
,,,,,2024-05,sip,21262.0,7.78,8.9,8.15,44.16,,,,,,,
,,,,,2024-06,category_inflows,,,,,,,,,,,Large Cap,2519.0
,,,,,2024-06,category_inflows,,,,,,,,,,,Mid Cap,5047.0
,,,,,2024-06,category_inflows,,,,,,,,,,,Small Cap,3535.0
,,,,,2024-06,category_inflows,,,,,,,,,,,Flexi Cap,4478.0
,,,,,2024-06,category_inflows,,,,,,,,,,,Large & Mid Cap,4610.0
,,,,,2024-06,category_inflows,,,,,,,,,,,ELSS,472.0
,,,,,2024-06,category_inflows,,,,,,,,,,,Value/Contra,1386.0
,,,,,2024-06,category_inflows,,,,,,,,,,,Sectoral/Thematic,10030.0
,,,,,2024-06,category_inflows,,,,,,,,,,,Liquid,40486.0
,,,,,2024-06,category_inflows,,,,,,,,,,,Short Duration,4321.0
,,,,,2024-06,category_inflows,,,,,,,,,,,Gilt,864.0
,,,,,2024-06,category_inflows,,,,,,,,,,,Hybrid,3163.0
,,,,,2024-06,sip,21262.0,7.9,8.2,8.35,44.31,,,,,,,
,,,,,2024-07,category_inflows,,,,,,,,,,,Large Cap,2574.0
,,,,,2024-07,category_inflows,,,,,,,,,,,Mid Cap,4548.0
,,,,,2024-07,category_inflows,,,,,,,,,,,Small Cap,3582.0
,,,,,2024-07,category_inflows,,,,,,,,,,,Flexi Cap,4869.0
,,,,,2024-07,category_inflows,,,,,,,,,,,Large & Mid Cap,5023.0
,,,,,2024-07,category_inflows,,,,,,,,,,,ELSS,471.0
,,,,,2024-07,category_inflows,,,,,,,,,,,Value/Contra,1582.0
,,,,,2024-07,category_inflows,,,,,,,,,,,Sectoral/Thematic,9896.0
,,,,,2024-07,category_inflows,,,,,,,,,,,Liquid,34643.0
,,,,,2024-07,category_inflows,,,,,,,,,,,Short Duration,4170.0
,,,,,2024-07,category_inflows,,,,,,,,,,,Gilt,959.0
,,,,,2024-07,category_inflows,,,,,,,,,,,Hybrid,3291.0
,,,,,2024-07,folio,,,,,,19.98,13.99,2.8,1.2,2.0,,
,,,,,2024-07,sip,23332.0,8.0,10.0,8.56,53.05,,,,,,,
,,,,,2024-08,category_inflows,,,,,,,,,,,Large Cap,1940.0
,,,,,2024-08,category_inflows,,,,,,,,,,,Mid Cap,3899.0
,,,,,2024-08,category_inflows,,,,,,,,,,,Small Cap,3376.0
,,,,,2024-08,category_inflows,,,,,,,,,,,Flexi Cap,5562.0
,,,,,2024-08,category_inflows,,,,,,,,,,,Large & Mid Cap,5411.0
,,,,,2024-08,category_inflows,,,,,,,,,,,ELSS,499.0
,,,,,2024-08,category_inflows,,,,,,,,,,,Value/Contra,1308.0
,,,,,2024-08,category_inflows,,,,,,,,,,,Sectoral/Thematic,8360.0
,,,,,2024-08,category_inflows,,,,,,,,,,,Liquid,41952.0
,,,,,2024-08,category_inflows,,,,,,,,,,,Short Duration,4658.0
,,,,,2024-08,category_inflows,,,,,,,,,,,Gilt,952.0
,,,,,2024-08,category_inflows,,,,,,,,,,,Hybrid,3684.0
,,,,,2024-08,sip,23547.0,8.11,9.8,8.78,48.9,,,,,,,
2024-09-30,SBI Mutual Fund,10.8,1080000.0,186.0,2024-09,aum,,,,,,,,,,,,
2024-09-30,ICICI Prudential MF,7.42,742000.0,216.0,2024-09,aum,,,,,,,,,,,,
2024-09-30,HDFC Mutual Fund,7.1,710000.0,195.0,2024-09,aum,,,,,,,,,,,,
2024-09-30,Nippon India MF,4.68,468000.0,177.0,2024-09,aum,,,,,,,,,,,,
2024-09-30,Kotak Mahindra MF,4.05,405000.0,168.0,2024-09,aum,,,,,,,,,,,,
2024-09-30,Aditya Birla Sun Life MF,3.62,362000.0,199.0,2024-09,aum,,,,,,,,,,,,
2024-09-30,Axis Mutual Fund,2.9,290000.0,95.0,2024-09,aum,,,,,,,,,,,,
2024-09-30,UTI Mutual Fund,3.08,308000.0,142.0,2024-09,aum,,,,,,,,,,,,
2024-09-30,Mirae Asset MF,1.9,190000.0,56.0,2024-09,aum,,,,,,,,,,,,
2024-09-30,DSP Mutual Fund,1.72,172000.0,88.0,2024-09,aum,,,,,,,,,,,,
,,,,,2024-09,category_inflows,,,,,,,,,,,Large Cap,1879.0
,,,,,2024-09,category_inflows,,,,,,,,,,,Mid Cap,4960.0
,,,,,2024-09,category_inflows,,,,,,,,,,,Small Cap,4137.0
,,,,,2024-09,category_inflows,,,,,,,,,,,Flexi Cap,5397.0
,,,,,2024-09,category_inflows,,,,,,,,,,,Large & Mid Cap,4528.0
,,,,,2024-09,category_inflows,,,,,,,,,,,ELSS,537.0
,,,,,2024-09,category_inflows,,,,,,,,,,,Value/Contra,1334.0
,,,,,2024-09,category_inflows,,,,,,,,,,,Sectoral/Thematic,8518.0
,,,,,2024-09,category_inflows,,,,,,,,,,,Liquid,35308.0
,,,,,2024-09,category_inflows,,,,,,,,,,,Short Duration,5327.0
,,,,,2024-09,category_inflows,,,,,,,,,,,Gilt,925.0
,,,,,2024-09,category_inflows,,,,,,,,,,,Hybrid,3015.0
,,,,,2024-09,sip,24509.0,8.22,9.2,8.98,52.78,,,,,,,
,,,,,2024-10,category_inflows,,,,,,,,,,,Large Cap,2255.0
,,,,,2024-10,category_inflows,,,,,,,,,,,Mid Cap,4106.0
,,,,,2024-10,category_inflows,,,,,,,,,,,Small Cap,4444.0
,,,,,2024-10,category_inflows,,,,,,,,,,,Flexi Cap,6004.0
,,,,,2024-10,category_inflows,,,,,,,,,,,Large & Mid Cap,4581.0
,,,,,2024-10,category_inflows,,,,,,,,,,,ELSS,537.0
,,,,,2024-10,category_inflows,,,,,,,,,,,Value/Contra,1595.0
,,,,,2024-10,category_inflows,,,,,,,,,,,Sectoral/Thematic,7680.0
,,,,,2024-10,category_inflows,,,,,,,,,,,Liquid,39091.0
,,,,,2024-10,category_inflows,,,,,,,,,,,Short Duration,4675.0
,,,,,2024-10,category_inflows,,,,,,,,,,,Gilt,898.0
,,,,,2024-10,category_inflows,,,,,,,,,,,Hybrid,3314.0
,,,,,2024-10,folio,,,,,,21.62,15.13,3.03,1.3,2.16,,
,,,,,2024-10,sip,25323.0,8.3,9.55,9.22,49.59,,,,,,,
,,,,,2024-11,category_inflows,,,,,,,,,,,Large Cap,1870.0
,,,,,2024-11,category_inflows,,,,,,,,,,,Mid Cap,4336.0
,,,,,2024-11,category_inflows,,,,,,,,,,,Small Cap,3256.0
,,,,,2024-11,category_inflows,,,,,,,,,,,Flexi Cap,6111.0
,,,,,2024-11,category_inflows,,,,,,,,,,,Large & Mid Cap,5556.0
,,,,,2024-11,category_inflows,,,,,,,,,,,ELSS,571.0
,,,,,2024-11,category_inflows,,,,,,,,,,,Value/Contra,1436.0
,,,,,2024-11,category_inflows,,,,,,,,,,,Sectoral/Thematic,7397.0
,,,,,2024-11,category_inflows,,,,,,,,,,,Liquid,40506.0
,,,,,2024-11,category_inflows,,,,,,,,,,,Short Duration,5316.0
,,,,,2024-11,category_inflows,,,,,,,,,,,Gilt,704.0
,,,,,2024-11,category_inflows,,,,,,,,,,,Hybrid,3264.0
,,,,,2024-11,sip,25320.0,8.4,9.1,9.45,48.3,,,,,,,
2024-12-31,SBI Mutual Fund,11.14,1114000.0,186.0,2024-12,aum,,,,,,,,,,,,
2024-12-31,ICICI Prudential MF,8.74,874000.0,216.0,2024-12,aum,,,,,,,,,,,,
2024-12-31,HDFC Mutual Fund,7.87,787000.0,195.0,2024-12,aum,,,,,,,,,,,,
2024-12-31,Nippon India MF,5.7,570000.0,177.0,2024-12,aum,,,,,,,,,,,,
2024-12-31,Kotak Mahindra MF,4.89,489000.0,168.0,2024-12,aum,,,,,,,,,,,,
2024-12-31,Aditya Birla Sun Life MF,3.84,384000.0,199.0,2024-12,aum,,,,,,,,,,,,
2024-12-31,Axis Mutual Fund,3.0,300000.0,95.0,2024-12,aum,,,,,,,,,,,,
2024-12-31,UTI Mutual Fund,3.52,352000.0,142.0,2024-12,aum,,,,,,,,,,,,
2024-12-31,Mirae Asset MF,2.1,210000.0,56.0,2024-12,aum,,,,,,,,,,,,
2024-12-31,DSP Mutual Fund,1.88,188000.0,88.0,2024-12,aum,,,,,,,,,,,,
,,,,,2024-12,category_inflows,,,,,,,,,,,Large Cap,1923.0
,,,,,2024-12,category_inflows,,,,,,,,,,,Mid Cap,5023.0
,,,,,2024-12,category_inflows,,,,,,,,,,,Small Cap,4249.0
,,,,,2024-12,category_inflows,,,,,,,,,,,Flexi Cap,4654.0
,,,,,2024-12,category_inflows,,,,,,,,,,,Large & Mid Cap,4878.0
,,,,,2024-12,category_inflows,,,,,,,,,,,ELSS,521.0
,,,,,2024-12,category_inflows,,,,,,,,,,,Value/Contra,1414.0
,,,,,2024-12,category_inflows,,,,,,,,,,,Sectoral/Thematic,9820.0
,,,,,2024-12,category_inflows,,,,,,,,,,,Liquid,34933.0
,,,,,2024-12,category_inflows,,,,,,,,,,,Short Duration,4159.0
,,,,,2024-12,category_inflows,,,,,,,,,,,Gilt,831.0
,,,,,2024-12,category_inflows,,,,,,,,,,,Hybrid,3538.0
,,,,,2024-12,folio,,,,,,22.89,16.02,3.2,1.37,2.29,,
,,,,,2024-12,sip,26459.0,8.5,9.3,9.7,50.25,,,,,,,
,,,,,2025-01,category_inflows,,,,,,,,,,,Large Cap,2025.0
,,,,,2025-01,category_inflows,,,,,,,,,,,Mid Cap,4316.0
,,,,,2025-01,category_inflows,,,,,,,,,,,Small Cap,4554.0
,,,,,2025-01,category_inflows,,,,,,,,,,,Flexi Cap,5603.0
,,,,,2025-01,category_inflows,,,,,,,,,,,Large & Mid Cap,4816.0
,,,,,2025-01,category_inflows,,,,,,,,,,,ELSS,516.0
,,,,,2025-01,category_inflows,,,,,,,,,,,Value/Contra,1339.0
,,,,,2025-01,category_inflows,,,,,,,,,,,Sectoral/Thematic,7893.0
,,,,,2025-01,category_inflows,,,,,,,,,,,Liquid,33892.0
,,,,,2025-01,category_inflows,,,,,,,,,,,Short Duration,4752.0
,,,,,2025-01,category_inflows,,,,,,,,,,,Gilt,744.0
,,,,,2025-01,category_inflows,,,,,,,,,,,Hybrid,2967.0
,,,,,2025-01,folio,,,,,,23.1,16.17,3.23,1.39,2.31,,
,,,,,2025-01,sip,26400.0,8.22,9.1,13.0,40.14,,,,,,,
,,,,,2025-02,category_inflows,,,,,,,,,,,Large Cap,1925.0
,,,,,2025-02,category_inflows,,,,,,,,,,,Mid Cap,4819.0
,,,,,2025-02,category_inflows,,,,,,,,,,,Small Cap,3534.0
,,,,,2025-02,category_inflows,,,,,,,,,,,Flexi Cap,6068.0
,,,,,2025-02,category_inflows,,,,,,,,,,,Large & Mid Cap,5524.0
,,,,,2025-02,category_inflows,,,,,,,,,,,ELSS,437.0
,,,,,2025-02,category_inflows,,,,,,,,,,,Value/Contra,1400.0
,,,,,2025-02,category_inflows,,,,,,,,,,,Sectoral/Thematic,9215.0
,,,,,2025-02,category_inflows,,,,,,,,,,,Liquid,32374.0
,,,,,2025-02,category_inflows,,,,,,,,,,,Short Duration,4033.0
,,,,,2025-02,category_inflows,,,,,,,,,,,Gilt,942.0
,,,,,2025-02,category_inflows,,,,,,,,,,,Hybrid,3360.0
,,,,,2025-02,sip,25999.0,8.3,8.6,13.18,35.5,,,,,,,
2025-03-31,SBI Mutual Fund,12.5,1250000.0,186.0,2025-03,aum,,,,,,,,,,,,
2025-03-31,ICICI Prudential MF,8.8,880000.0,216.0,2025-03,aum,,,,,,,,,,,,
2025-03-31,HDFC Mutual Fund,7.95,795000.0,195.0,2025-03,aum,,,,,,,,,,,,
2025-03-31,Nippon India MF,5.6,560000.0,177.0,2025-03,aum,,,,,,,,,,,,
2025-03-31,Kotak Mahindra MF,4.92,492000.0,168.0,2025-03,aum,,,,,,,,,,,,
2025-03-31,Aditya Birla Sun Life MF,3.85,385000.0,199.0,2025-03,aum,,,,,,,,,,,,
2025-03-31,Axis Mutual Fund,3.1,310000.0,95.0,2025-03,aum,,,,,,,,,,,,
2025-03-31,UTI Mutual Fund,3.55,355000.0,142.0,2025-03,aum,,,,,,,,,,,,
2025-03-31,Mirae Asset MF,2.25,225000.0,56.0,2025-03,aum,,,,,,,,,,,,
2025-03-31,DSP Mutual Fund,1.95,195000.0,88.0,2025-03,aum,,,,,,,,,,,,
,,,,,2025-03,category_inflows,,,,,,,,,,,Large Cap,2234.0
,,,,,2025-03,category_inflows,,,,,,,,,,,Mid Cap,5061.0
,,,,,2025-03,category_inflows,,,,,,,,,,,Small Cap,4304.0
,,,,,2025-03,category_inflows,,,,,,,,,,,Flexi Cap,4767.0
,,,,,2025-03,category_inflows,,,,,,,,,,,Large & Mid Cap,4243.0
,,,,,2025-03,category_inflows,,,,,,,,,,,ELSS,500.0
,,,,,2025-03,category_inflows,,,,,,,,,,,Value/Contra,1497.0
,,,,,2025-03,category_inflows,,,,,,,,,,,Sectoral/Thematic,8614.0
,,,,,2025-03,category_inflows,,,,,,,,,,,Liquid,38681.0
,,,,,2025-03,category_inflows,,,,,,,,,,,Short Duration,4886.0
,,,,,2025-03,category_inflows,,,,,,,,,,,Gilt,956.0
,,,,,2025-03,category_inflows,,,,,,,,,,,Hybrid,2830.0
,,,,,2025-03,folio,,,,,,23.45,16.42,3.28,1.41,2.35,,
,,,,,2025-03,sip,25926.0,8.11,7.8,13.35,27.27,,,,,,,
,,,,,2025-04,folio,,,,,,23.89,16.72,3.34,1.43,2.39,,
,,,,,2025-04,sip,26632.0,8.38,46.0,13.55,30.73,,,,,,,
,,,,,2025-05,sip,26688.0,8.5,9.2,13.72,25.52,,,,,,,
,,,,,2025-06,sip,27274.0,8.62,9.5,13.88,28.28,,,,,,,
,,,,,2025-07,folio,,,,,,24.57,17.2,3.44,1.47,2.46,,
,,,,,2025-07,sip,28464.0,8.75,10.2,14.05,22.0,,,,,,,
,,,,,2025-08,folio,,,,,,24.89,17.42,3.48,1.49,2.49,,
,,,,,2025-08,sip,28265.0,8.85,9.8,15.18,20.04,,,,,,,
,,,,,2025-09,folio,,,,,,25.19,17.63,3.53,1.51,2.52,,
,,,,,2025-09,sip,29361.0,9.0,10.5,15.38,19.8,,,,,,,
,,,,,2025-10,folio,,,,,,25.6,17.92,3.58,1.54,2.56,,
,,,,,2025-10,sip,29529.0,9.1,9.45,15.55,16.61,,,,,,,
,,,,,2025-11,sip,30200.0,9.2,9.1,15.72,19.27,,,,,,,
2025-12-31,SBI Mutual Fund,12.5,1250000.0,186.0,2025-12,aum,,,,,,,,,,,,
2025-12-31,ICICI Prudential MF,10.74,1074000.0,216.0,2025-12,aum,,,,,,,,,,,,
2025-12-31,HDFC Mutual Fund,9.3,930000.0,195.0,2025-12,aum,,,,,,,,,,,,
2025-12-31,Nippon India MF,7.0,700000.0,177.0,2025-12,aum,,,,,,,,,,,,
2025-12-31,Kotak Mahindra MF,5.8,580000.0,168.0,2025-12,aum,,,,,,,,,,,,
2025-12-31,Aditya Birla Sun Life MF,4.6,460000.0,199.0,2025-12,aum,,,,,,,,,,,,
2025-12-31,Axis Mutual Fund,3.5,350000.0,95.0,2025-12,aum,,,,,,,,,,,,
2025-12-31,UTI Mutual Fund,4.1,410000.0,142.0,2025-12,aum,,,,,,,,,,,,
2025-12-31,Mirae Asset MF,2.9,290000.0,56.0,2025-12,aum,,,,,,,,,,,,
2025-12-31,DSP Mutual Fund,2.3,230000.0,88.0,2025-12,aum,,,,,,,,,,,,
,,,,,2025-12,folio,,,,,,26.12,18.28,3.66,1.57,2.61,,
,,,,,2025-12,sip,31002.0,9.35,9.8,15.9,17.17,,,,,,,
