amfi_code,sharpe_ratio_calc,sortino_ratio_calc,cagr_1yr,cagr_3yr,cagr_5yr,alpha_calc,beta_calc,max_drawdown_calc,worst_dd_date,scheme_name,expense_ratio_pct,rank_3yr,rank_sharpe,rank_alpha,rank_expense,rank_dd,composite_score,final_rank
148567,1.4489218218563988,2.3880052293383,0.20360678307711866,0.3400091602163293,,0.2698375144191807,0.023683558075848602,-0.11265729075028275,2023-10-20,Mirae Asset Large Cap Fund - Regular - Growth,1.46,0.975,1.0,0.85,0.45,0.825,86.25,1
120505,1.1806150671375009,2.0312380806218604,0.29604659337893646,0.317775371512347,,0.2926358334175106,0.0005490042506317135,-0.18188513572116294,2025-01-23,ICICI Pru Midcap Fund - Regular - Growth,1.36,0.9,0.9,0.95,0.65,0.4,82.25,2
120843,1.3073129850148517,2.366536929073976,0.26657081760850154,0.2958277033726251,,0.27330465038306057,-0.022829569792426545,-0.1297396816518679,2022-04-13,Kotak Flexicap Fund - Regular - Growth,1.45,0.85,0.975,0.9,0.475,0.7,82.0,3
100033,1.094174989472087,1.8308362736202326,0.5323239623092084,0.32442459421956116,,0.2719535450128533,0.005103525830528322,-0.16217208574644848,2022-05-12,HDFC Mid-Cap Opportunities Fund - Regular - Growth,1.38,0.925,0.85,0.875,0.6,0.525,80.75,4
120504,1.0269712799368789,1.8070422630748022,0.13064279264417977,0.3248742855621496,,0.2119482701352573,0.016232169761417028,-0.12588275606922517,2023-05-30,ICICI Pru Bluechip Fund - Direct - Growth,0.8,0.95,0.775,0.7,0.725,0.725,80.0,5
119094,0.998665661818648,1.7053400767417735,0.22261065131342206,0.35111802096428524,,0.2607666908004223,-0.06626542862803757,-0.20960883862039192,2022-08-11,Axis Midcap Fund - Regular - Growth,1.38,1.0,0.75,0.8,0.6,0.325,77.0,6
119551,1.2087927013264017,2.142336019954779,0.6043734071403091,0.3045652442030289,,0.23201007160635082,-0.03175144113890976,-0.1501238549864533,2024-02-05,SBI Bluechip Fund - Regular Plan - Growth,1.54,0.875,0.925,0.775,0.2625,0.6,74.8125,7
148569,1.2354677702046803,2.148886286822985,0.3975176148971702,0.2917890157839378,,0.2827036785246582,0.018133884083859218,-0.1639674294693263,2023-10-20,Mirae Asset Tax Saver Fund - Regular - Growth,1.6,0.825,0.95,0.925,0.1125,0.5,73.6875,8
101206,1.0276606230534917,1.8012345544594734,0.4792412023860102,0.2896769452874166,,0.21399784776051212,0.021086316250128034,-0.11291596329323073,2023-07-05,ABSL Frontline Equity Fund - Regular - Growth,1.6,0.8,0.8,0.725,0.1125,0.8,68.1875,9
119598,0.9457198875187951,1.6768528532973277,0.8277605861507404,0.2666992200118774,,0.3033696538698332,-0.02319606204405971,-0.2870600572176455,2025-05-14,SBI Small Cap Fund - Regular Plan - Growth,1.43,0.725,0.675,1.0,0.5,0.125,67.375,10
149323,1.1326148295729737,1.8768860248792327,0.21481222193726257,0.268699908289022,,0.26598577542043045,-0.002523004664699231,-0.17248105753451382,2022-10-24,DSP Midcap Fund - Regular - Growth,1.61,0.75,0.875,0.825,0.075,0.475,66.75,11
149324,0.9502094087546468,1.62128952154629,0.6513871892998797,0.27000426614519246,,0.3005787817097677,0.01145515996052069,-0.31171900300634214,2025-01-03,DSP Small Cap Fund - Regular - Growth,1.52,0.775,0.7,0.975,0.3625,0.1,66.6875,12
118632,1.0821301827119612,1.8518738484617323,0.339810484550213,0.22652359830098634,,0.21829397904608644,-0.008353832126962031,-0.17414075086657232,2024-07-19,Nippon India Large Cap Fund - Regular - Growth,1.51,0.675,0.825,0.75,0.4125,0.45,66.5625,13
119552,0.9536945979076148,1.6112718698760977,0.05706100044974027,0.16267372294624916,,0.1986859936686296,-0.026159307513513412,-0.11803493502764295,2024-09-02,SBI Bluechip Fund - Direct Plan - Growth,0.66,0.45,0.725,0.65,0.925,0.75,66.0,14
125497,0.7761280640107955,1.331882759361085,0.2867535802656873,0.18434488610520172,,0.17729754927531766,0.04882040425957738,-0.15200013055606398,2025-01-01,HDFC Top 100 Fund - Direct Plan - Growth,0.92,0.55,0.575,0.625,0.675,0.575,59.25,15
118635,0.6651465073799169,1.139008897422673,0.22493224932249345,0.20008208380471482,,0.1513635464823924,-0.0014335213897801234,-0.1165062450540909,2022-06-09,Nippon India ETF Nifty 50 BeES,0.89,0.6,0.55,0.45,0.7,0.775,59.0,16
118633,0.6454883908162352,1.1555228606463117,0.25539980483954094,0.2108997654925684,,0.15643835948169668,-0.036639006718609334,-0.18629743138595511,2024-02-29,Nippon India Large Cap Fund - Direct - Growth,0.72,0.65,0.5,0.475,0.8875,0.375,58.5625,17
102885,0.8174551393856109,1.4370807005474366,0.20207703983094838,0.1966726206830185,,0.17048756803412696,-0.019486785689474543,-0.1085986215250232,2022-03-29,UTI Nifty 50 Index Fund - Regular - Growth,1.57,0.575,0.625,0.55,0.175,0.85,55.0,18
120503,0.7983203321068844,1.3391723126137718,0.08489081269294418,0.13978381933703043,,0.17703302365844073,-0.040268952369820595,-0.13897862823061635,2023-11-09,ICICI Pru Bluechip Fund - Regular - Growth,1.42,0.4,0.6,0.6,0.525,0.675,53.625,19
148568,0.9266906941736961,1.6342633474143768,0.14269394138778924,0.14748035533586012,,0.20873010086942337,-0.026387719943843004,-0.1527259422823477,2024-01-24,Mirae Asset Emerging Bluechip Fund - Regular - Growth,1.52,0.425,0.65,0.675,0.3625,0.55,53.4375,20
120506,0.6491613267142748,1.0969019555871993,0.4181904829701364,0.1842199653744454,,0.1625385327998104,0.041896462728119754,-0.1982565826298267,2023-08-14,ICICI Pru Value Discovery Fund - Regular - Growth,1.41,0.525,0.525,0.525,0.55,0.35,51.125,21
120507,0.4959392533567294,1.0544697578204147,0.0742505077613469,0.07394286300360076,,0.06746210411099539,-0.0004440926329707225,-0.0009773140045925555,2025-10-20,ICICI Pru Liquid Fund - Regular - Growth,0.74,0.3,0.45,0.25,0.85,1.0,48.0,22
119093,0.12967093797589616,0.22128664718988628,0.197667410165155,0.20816771175535864,,0.08232801295222093,0.02588321244009314,-0.21751396370148224,2023-05-22,Axis Bluechip Fund - Direct - Growth,0.75,0.625,0.3,0.325,0.825,0.25,47.625,23
102887,0.6197873560831759,1.0897356699578142,0.135831349444816,0.25556187904126526,,0.16211256794033255,0.01668268943777082,-0.21539827112383225,2022-07-04,UTI Flexi Cap Fund - Regular - Growth,1.64,0.7,0.475,0.5,0.0375,0.275,46.1875,24
149322,0.4642395121297799,0.7628329156682928,0.1811115252275146,0.18044206486636138,,0.13173190226099432,-0.004050271130006494,-0.14844576917771746,2022-02-04,DSP Top 100 Equity Fund - Regular - Growth,1.54,0.5,0.4,0.425,0.2625,0.625,43.6875,25
125498,0.30074282107968664,0.5092777013303121,0.15443720834451846,0.11245222866621418,,0.11989100971217971,0.00905441262173915,-0.21117279560132118,2025-09-12,HDFC Mid-Cap Opportunities Fund - Direct - Growth,0.78,0.375,0.35,0.375,0.775,0.3,42.125,26
120844,-0.08878594080534973,-0.18808095664266228,0.07120323042122512,0.06695971624586994,,0.06455677495375998,-0.0004007442394783998,-0.0011629327956168556,2024-04-30,Kotak Liquid Fund - Regular - Growth,0.6,0.275,0.175,0.225,0.95,0.975,41.125,27
120841,0.49448776650267684,0.8633663278643374,0.16837098075385626,0.1726727508371786,,0.13042924450705445,0.036356399022199795,-0.1757361416468729,2025-02-14,Kotak Bluechip Fund - Regular - Growth,1.59,0.475,0.425,0.4,0.15,0.425,39.375,28
118634,0.44862927737411723,0.7466888421349788,0.15811221971300937,0.08007927728656083,,0.1750072167561127,0.10349663691337593,-0.2334488614483311,2026-02-20,Nippon India Small Cap Fund - Regular - Growth,1.53,0.35,0.375,0.575,0.3125,0.225,38.3125,29
118636,-0.356784800144203,-0.6140836405666813,0.10454939683040276,0.040622050237771434,,0.05074772999976104,0.001256674273155849,-0.08316361763638702,2024-02-09,Nippon India Gilt Securities Fund - Regular - Growth,0.55,0.2,0.075,0.15,1.0,0.875,34.625,30
119120,-0.2266740478068256,-0.3771183061567,0.055219955107626895,0.05840358798463097,,0.05620895216638369,-0.006413850728276475,-0.04328728923970093,2025-04-01,SBI Magnum Gilt Fund - Regular Plan - Growth,0.77,0.225,0.1,0.175,0.8,0.9,33.75,31
101208,-0.8159225028561653,-1.6842675294150584,0.0723664530138024,0.06315784491375509,,0.060861457957871144,0.00026670968338238324,-0.0016224980244717857,2023-09-12,ABSL Liquid Fund - Regular - Growth,0.79,0.25,0.025,0.2,0.75,0.95,32.875,32
100025,-0.5673417315891279,-0.9426801708802511,0.03704968580461343,0.039163899571040384,,0.042817920315060876,0.0011582183155281432,-0.04308263824636349,2023-07-28,HDFC Short Term Debt Fund - Regular - Growth,0.56,0.175,0.05,0.075,0.975,0.925,31.875,33
120842,0.07603294182043999,0.12480802521263269,0.2250195657587366,0.07756003551327284,,0.0780443887615508,0.01805687420811818,-0.24003511326274884,2024-10-17,Kotak Emerging Equity Fund - Regular - Growth,1.56,0.325,0.275,0.3,0.2,0.2,27.625,34
119599,-0.05721152747352654,-0.09447060547091815,0.1394780335518997,-0.01337386614488112,,0.048824215945539845,0.062001804382671666,-0.5257422117012851,2025-10-28,SBI Small Cap Fund - Direct Plan - Growth,0.72,0.075,0.225,0.125,0.8875,0.025,23.9375,35
119092,0.030798256072118495,0.052621243117729276,0.016091186722522632,0.005258871209757432,,0.0689952982167755,0.009730745001153628,-0.1440161790933726,2025-02-07,Axis Bluechip Fund - Regular - Growth,1.64,0.125,0.25,0.275,0.0375,0.65,22.5625,36
101207,0.16273159914799412,0.2768876427571521,-0.23986031710270628,-0.04152381044854481,,0.10897091901704538,-0.06528924788351524,-0.3544691649336603,2026-05-11,ABSL Small Cap Fund - Regular - Growth,1.53,0.05,0.325,0.35,0.3125,0.075,22.0625,37
119095,-0.07600665350650072,-0.12829858140342534,-0.427976145588544,-0.11705806723995271,,0.048015953637759554,-0.06695117463929201,-0.5167775370852656,2026-05-11,Axis Small Cap Fund - Regular - Growth,1.38,0.025,0.2,0.1,0.6,0.05,17.25,38
100016,-0.20160481721223206,-0.35135100319229234,-0.02224270997710287,0.01292649342495622,,0.03747580763443281,-0.05826843143880892,-0.24734440880673303,2022-09-15,HDFC Top 100 Fund - Regular Plan - Growth,1.55,0.15,0.15,0.05,0.225,0.175,14.375,39
102886,-0.205921236253401,-0.3475332943718598,-0.16797480944407306,-0.007674063178547241,,0.028969397866379445,-0.042125029021894314,-0.2800112356639287,2026-04-27,UTI Mid Cap Fund - Regular - Growth,1.51,0.1,0.125,0.025,0.4125,0.15,14.3125,40
