table,source_file,rows_in,rows_out,rejected,rejection_reason,timestamp,runtime_s
companies,1788501606103-7177b6c2-companies.xlsx,92,92,0,,2026-09-18T08:51:20.176736,0.613
financial_ratios (Sprint2 migrate),nifty100_backup.db,1161,1070,91,91 rows rejected: company_id not in companies [DQ-03],2026-09-18T08:51:20.276185,0.0
sectors,1788501621129-8684701e-sectors.xlsx,92,92,0,,2026-09-18T08:51:20.324173,0.048
profitandloss,1788501607124-aad40f4f-profitandloss.xlsx,1276,1070,206,"103 unparseable year; 12 duplicate (company_id,year) rows deduplicated [DQ-02]; 91 rows rejected: company_id not in companies [DQ-03]",2026-09-18T08:51:20.807365,0.483
balancesheet,1788501604829-ac8c0874-balancesheet.xlsx,1312,1140,172,"5 unparseable year; 87 duplicate (company_id,year) rows deduplicated [DQ-02]; 80 rows rejected: company_id not in companies [DQ-03]",2026-09-18T08:51:21.238204,0.431
cashflow,1788501605758-8e951681-cashflow.xlsx,1187,1056,131,"35 duplicate (company_id,year) rows deduplicated [DQ-02]; 96 rows rejected: company_id not in companies [DQ-03]",2026-09-18T08:51:21.505085,0.267
analysis,1788501604303-57986a9b-analysis.xlsx,20,4,16,"15 duplicate (company_id,year) rows deduplicated [DQ-02]; 1 rows rejected: company_id not in companies [DQ-03]",2026-09-18T08:51:21.532777,0.028
documents,1788501606362-ba899c04-documents.xlsx,1585,1456,129,"1 duplicate (company_id,year) rows deduplicated [DQ-02]; 128 rows rejected: company_id not in companies [DQ-03]",2026-09-18T08:51:21.789206,0.256
prosandcons,1788501607452-d6bbe55b-prosandcons.xlsx,16,14,2,2 rows rejected: company_id not in companies [DQ-03],2026-09-18T08:51:21.822099,0.033
stock_prices,1788501621395-a51977cd-stock_prices.xlsx,5520,5520,0,,2026-09-18T08:51:23.029924,1.208
market_cap,1788501620397-69ae3e7f-market_cap.xlsx,552,552,0,,2026-09-18T08:51:23.199981,0.17
financial_ratios (source),1788501620089-fb3ae469-financial_ratios.xlsx,1184,0,1184,"119 duplicate (company_id,year) rows deduplicated [DQ-02]; 24 rows rejected: company_id not in companies [DQ-03]; 1041 rows skipped (Sprint 2 computed rows preserved)",2026-09-18T08:51:23.711274,0.511
peer_groups,1788501620796-5060f580-peer_groups.xlsx,56,56,0,,2026-09-18T08:51:23.744605,0.033
